slot,time_us,sta_id,mode,primary_cw,primary_backoff_counter,primary_backoff_stage,primary_retry_counter,npca_cw,npca_backoff_counter,npca_backoff_stage,npca_retry_counter,npca_timer,saved_primary_cw,saved_primary_backoff_counter,primary_obss_remain,npca_obss_remain,tx_channel,tx_type,tx_success,failure_reason,packet_id,retry_count,npca_transition_start,switch_back_start
0,0.0,0,PRIMARY_BACKOFF,15,3,0,0,15,0,0,0,0,,,0,0,,,,,,,False,False
0,0.0,1,PRIMARY_BACKOFF,15,0,0,0,15,0,0,0,0,,,0,0,PRIMARY,NEW,,,1,0,False,False
1,9.0,0,PRIMARY_BACKOFF,15,2,0,0,15,0,0,0,0,,,0,0,,,,,,,False,False
1,9.0,1,PRIMARY_TX,15,0,0,0,15,0,0,0,0,,,0,0,,,,,,,False,False
2,18.0,0,PRIMARY_FROZEN,15,2,0,0,15,0,0,0,0,,,0,0,,,,,,,False,False
2,18.0,1,PRIMARY_TX,15,0,0,0,15,0,0,0,0,,,0,0,,,,,,,False,False
3,27.0,0,PRIMARY_FROZEN,15,2,0,0,15,0,0,0,0,,,0,0,,,,,,,False,False
3,27.0,1,PRIMARY_TX,15,0,0,0,15,0,0,0,0,,,0,0,,,,,,,False,False
4,36.0,0,PRIMARY_FROZEN,15,2,0,0,15,0,0,0,0,,,0,0,,,,,,,False,False
4,36.0,1,PRIMARY_TX,15,0,0,0,15,0,0,0,0,,,0,0,,,,,,,False,False
5,45.0,0,PRIMARY_FROZEN,15,2,0,0,15,0,0,0,0,,,0,0,,,,,,,False,False
5,45.0,1,PRIMARY_TX,15,0,0,0,15,0,0,0,0,,,0,0,,,,,,,False,False
6,54.0,0,PRIMARY_FROZEN,15,2,0,0,15,0,0,0,0,,,0,0,,,,,,,False,False
6,54.0,1,PRIMARY_TX,15,0,0,0,15,0,0,0,0,,,0,0,,,,,,,False,False
7,63.0,0,PRIMARY_FROZEN,15,2,0,0,15,0,0,0,0,,,0,0,,,,,,,False,False
7,63.0,1,PRIMARY_TX,15,0,0,0,15,0,0,0,0,,,0,0,,,,,,,False,False
8,72.0,0,PRIMARY_FROZEN,15,2,0,0,15,0,0,0,0,,,0,0,,,,,,,False,False
8,72.0,1,PRIMARY_TX,15,0,0,0,15,0,0,0,0,,,0,0,,,,,,,False,False
9,81.0,0,PRIMARY_FROZEN,15,2,0,0,15,0,0,0,0,,,0,0,,,,,,,False,False
9,81.0,1,PRIMARY_TX,15,0,0,0,15,0,0,0,0,,,0,0,,,,,,,False,False
10,90.0,0,PRIMARY_FROZEN,15,2,0,0,15,0,0,0,0,,,0,0,,,,,,,False,False
10,90.0,1,PRIMARY_TX,15,0,0,0,15,0,0,0,0,,,0,0,,,,,,,False,False
11,99.0,0,PRIMARY_FROZEN,15,2,0,0,15,0,0,0,0,,,0,0,,,,,,,False,False
11,99.0,1,PRIMARY_TX,15,0,0,0,15,0,0,0,0,,,0,0,,,,,,,False,False
12,108.0,0,PRIMARY_FROZEN,15,2,0,0,15,0,0,0,0,,,0,0,,,,,,,False,False
12,108.0,1,PRIMARY_TX,15,0,0,0,15,0,0,0,0,,,0,0,,,,,,,False,False
13,117.0,0,PRIMARY_FROZEN,15,2,0,0,15,0,0,0,0,,,0,0,,,,,,,False,False
13,117.0,1,PRIMARY_TX,15,0,0,0,15,0,0,0,0,,,0,0,,,,,,,False,False
14,126.0,0,PRIMARY_FROZEN,15,2,0,0,15,0,0,0,0,,,0,0,,,,,,,False,False
14,126.0,1,PRIMARY_TX,15,0,0,0,15,0,0,0,0,,,0,0,,,,,,,False,False
15,135.0,0,PRIMARY_FROZEN,15,2,0,0,15,0,0,0,0,,,0,0,,,,,,,False,False
15,135.0,1,PRIMARY_TX,15,0,0,0,15,0,0,0,0,,,0,0,,,,,,,False,False
16,144.0,0,PRIMARY_FROZEN,15,2,0,0,15,0,0,0,0,,,0,0,,,,,,,False,False
16,144.0,1,PRIMARY_TX,15,0,0,0,15,0,0,0,0,,,0,0,,,,,,,False,False
17,153.0,0,PRIMARY_FROZEN,15,2,0,0,15,0,0,0,0,,,0,0,,,,,,,False,False
17,153.0,1,PRIMARY_TX,15,0,0,0,15,0,0,0,0,,,0,0,,,,,,,False,False
18,162.0,0,PRIMARY_FROZEN,15,2,0,0,15,0,0,0,0,,,0,0,,,,,,,False,False
18,162.0,1,PRIMARY_TX,15,0,0,0,15,0,0,0,0,,,0,0,,,,,,,False,False
19,171.0,0,PRIMARY_FROZEN,15,2,0,0,15,0,0,0,0,,,0,0,,,,,,,False,False
19,171.0,1,PRIMARY_TX,15,0,0,0,15,0,0,0,0,,,0,0,,,,,,,False,False
20,180.0,0,PRIMARY_FROZEN,15,2,0,0,15,0,0,0,0,,,0,0,,,,,,,False,False
20,180.0,1,PRIMARY_TX,15,0,0,0,15,0,0,0,0,,,0,0,PRIMARY,NEW,True,NONE,1,0,False,False
21,189.0,0,PRIMARY_BACKOFF,15,2,0,0,15,0,0,0,0,,,0,0,,,,,,,False,False
21,189.0,1,PRIMARY_BACKOFF,15,4,0,0,15,0,0,0,0,,,0,0,,,,,,,False,False
22,198.0,0,PRIMARY_BACKOFF,15,1,0,0,15,0,0,0,0,,,0,0,,,,,,,False,False
22,198.0,1,PRIMARY_BACKOFF,15,3,0,0,15,0,0,0,0,,,0,0,,,,,,,False,False
23,207.0,0,PRIMARY_BACKOFF,15,0,0,0,15,0,0,0,0,,,0,0,PRIMARY,NEW,,,2,0,False,False
23,207.0,1,PRIMARY_BACKOFF,15,2,0,0,15,0,0,0,0,,,0,0,,,,,,,False,False
24,216.0,0,PRIMARY_TX,15,0,0,0,15,0,0,0,0,,,0,0,,,,,,,False,False
24,216.0,1,PRIMARY_BACKOFF,15,1,0,0,15,0,0,0,0,,,0,0,,,,,,,False,False
25,225.0,0,PRIMARY_TX,15,0,0,0,15,0,0,0,0,,,0,0,,,,,,,False,False
25,225.0,1,PRIMARY_FROZEN,15,1,0,0,15,0,0,0,0,,,0,0,,,,,,,False,False
26,234.0,0,PRIMARY_TX,15,0,0,0,15,0,0,0,0,,,0,0,,,,,,,False,False
26,234.0,1,PRIMARY_FROZEN,15,1,0,0,15,0,0,0,0,,,0,0,,,,,,,False,False
27,243.0,0,PRIMARY_TX,15,0,0,0,15,0,0,0,0,,,0,0,,,,,,,False,False
27,243.0,1,PRIMARY_FROZEN,15,1,0,0,15,0,0,0,0,,,0,0,,,,,,,False,False
28,252.0,0,PRIMARY_TX,15,0,0,0,15,0,0,0,0,,,0,0,,,,,,,False,False
28,252.0,1,PRIMARY_FROZEN,15,1,0,0,15,0,0,0,0,,,0,0,,,,,,,False,False
29,261.0,0,PRIMARY_TX,15,0,0,0,15,0,0,0,0,,,0,0,,,,,,,False,False
29,261.0,1,PRIMARY_FROZEN,15,1,0,0,15,0,0,0,0,,,0,0,,,,,,,False,False
30,270.0,0,PRIMARY_TX,15,0,0,0,15,0,0,0,0,,,0,0,,,,,,,False,False
30,270.0,1,PRIMARY_FROZEN,15,1,0,0,15,0,0,0,0,,,0,0,,,,,,,False,False
31,279.0,0,PRIMARY_TX,15,0,0,0,15,0,0,0,0,,,0,0,,,,,,,False,False
31,279.0,1,PRIMARY_FROZEN,15,1,0,0,15,0,0,0,0,,,0,0,,,,,,,False,False
32,288.0,0,PRIMARY_TX,15,0,0,0,15,0,0,0,0,,,0,0,,,,,,,False,False
32,288.0,1,PRIMARY_FROZEN,15,1,0,0,15,0,0,0,0,,,0,0,,,,,,,False,False
33,297.0,0,PRIMARY_TX,15,0,0,0,15,0,0,0,0,,,0,0,,,,,,,False,False
33,297.0,1,PRIMARY_FROZEN,15,1,0,0,15,0,0,0,0,,,0,0,,,,,,,False,False
34,306.0,0,PRIMARY_TX,15,0,0,0,15,0,0,0,0,,,0,0,,,,,,,False,False
34,306.0,1,PRIMARY_FROZEN,15,1,0,0,15,0,0,0,0,,,0,0,,,,,,,False,False
35,315.0,0,PRIMARY_TX,15,0,0,0,15,0,0,0,0,,,0,0,,,,,,,False,False
35,315.0,1,PRIMARY_FROZEN,15,1,0,0,15,0,0,0,0,,,0,0,,,,,,,False,False
36,324.0,0,PRIMARY_TX,15,0,0,0,15,0,0,0,0,,,0,0,,,,,,,False,False
36,324.0,1,PRIMARY_FROZEN,15,1,0,0,15,0,0,0,0,,,0,0,,,,,,,False,False
37,333.0,0,PRIMARY_TX,15,0,0,0,15,0,0,0,0,,,0,0,,,,,,,False,False
37,333.0,1,PRIMARY_FROZEN,15,1,0,0,15,0,0,0,0,,,0,0,,,,,,,False,False
38,342.0,0,PRIMARY_TX,15,0,0,0,15,0,0,0,0,,,0,0,,,,,,,False,False
38,342.0,1,PRIMARY_FROZEN,15,1,0,0,15,0,0,0,0,,,0,0,,,,,,,False,False
39,351.0,0,PRIMARY_TX,15,0,0,0,15,0,0,0,0,,,0,0,,,,,,,False,False
39,351.0,1,PRIMARY_FROZEN,15,1,0,0,15,0,0,0,0,,,0,0,,,,,,,False,False
40,360.0,0,PRIMARY_TX,15,0,0,0,15,0,0,0,0,,,0,0,,,,,,,False,False
40,360.0,1,PRIMARY_FROZEN,15,1,0,0,15,0,0,0,0,,,0,0,,,,,,,False,False
41,369.0,0,PRIMARY_TX,15,0,0,0,15,0,0,0,0,,,0,0,,,,,,,False,False
41,369.0,1,PRIMARY_FROZEN,15,1,0,0,15,0,0,0,0,,,0,0,,,,,,,False,False
42,378.0,0,PRIMARY_TX,15,0,0,0,15,0,0,0,0,,,0,0,,,,,,,False,False
42,378.0,1,PRIMARY_FROZEN,15,1,0,0,15,0,0,0,0,,,0,0,,,,,,,False,False
43,387.0,0,PRIMARY_TX,15,0,0,0,15,0,0,0,0,,,0,0,PRIMARY,NEW,True,NONE,2,0,False,False
43,387.0,1,PRIMARY_FROZEN,15,1,0,0,15,0,0,0,0,,,0,0,,,,,,,False,False
44,396.0,0,PRIMARY_BACKOFF,15,13,0,0,15,0,0,0,0,,,0,0,,,,,,,False,False
44,396.0,1,PRIMARY_BACKOFF,15,1,0,0,15,0,0,0,0,,,0,0,,,,,,,False,False
45,405.0,0,PRIMARY_BACKOFF,15,12,0,0,15,0,0,0,0,,,34,0,,,,,,,True,False
45,405.0,1,PRIMARY_BACKOFF,15,0,0,0,15,0,0,0,0,,,34,0,,,,,,,True,False
46,414.0,0,NPCA_SWITCHING,15,12,0,0,15,6,0,0,33,15,12,33,0,,,,,,,False,False
46,414.0,1,NPCA_SWITCHING,15,0,0,0,15,7,0,0,33,15,0,33,0,,,,,,,False,False
47,423.0,0,NPCA_BACKOFF,15,12,0,0,15,6,0,0,32,15,12,32,0,,,,,,,False,False
47,423.0,1,NPCA_BACKOFF,15,0,0,0,15,7,0,0,32,15,0,32,0,,,,,,,False,False
48,432.0,0,NPCA_BACKOFF,15,12,0,0,15,5,0,0,31,15,12,31,0,,,,,,,False,False
48,432.0,1,NPCA_BACKOFF,15,0,0,0,15,6,0,0,31,15,0,31,0,,,,,,,False,False
49,441.0,0,NPCA_BACKOFF,15,12,0,0,15,4,0,0,30,15,12,30,0,,,,,,,False,False
49,441.0,1,NPCA_BACKOFF,15,0,0,0,15,5,0,0,30,15,0,30,0,,,,,,,False,False
50,450.0,0,NPCA_BACKOFF,15,12,0,0,15,3,0,0,29,15,12,29,0,,,,,,,False,False
50,450.0,1,NPCA_BACKOFF,15,0,0,0,15,4,0,0,29,15,0,29,0,,,,,,,False,False
51,459.0,0,NPCA_BACKOFF,15,12,0,0,15,2,0,0,28,15,12,28,0,,,,,,,False,False
51,459.0,1,NPCA_BACKOFF,15,0,0,0,15,3,0,0,28,15,0,28,0,,,,,,,False,False
52,468.0,0,NPCA_BACKOFF,15,12,0,0,15,1,0,0,27,15,12,27,0,,,,,,,False,False
52,468.0,1,NPCA_BACKOFF,15,0,0,0,15,2,0,0,27,15,0,27,0,,,,,,,False,False
53,477.0,0,NPCA_BACKOFF,15,12,0,0,15,0,0,0,26,15,12,26,0,NPCA,NEW,,,3,0,False,False
53,477.0,1,NPCA_BACKOFF,15,0,0,0,15,1,0,0,26,15,0,26,0,,,,,,,False,False
54,486.0,0,NPCA_TX,15,12,0,0,15,0,0,0,25,15,12,25,0,,,,,,,False,False
54,486.0,1,NPCA_BACKOFF,15,0,0,0,15,0,0,0,25,15,0,25,0,,,,,,,False,False
55,495.0,0,NPCA_TX,15,12,0,0,15,0,0,0,24,15,12,24,0,,,,,,,False,False
55,495.0,1,NPCA_FROZEN,15,0,0,0,15,0,0,0,24,15,0,24,0,,,,,,,False,False
56,504.0,0,NPCA_TX,15,12,0,0,15,0,0,0,23,15,12,23,0,,,,,,,False,False
56,504.0,1,NPCA_FROZEN,15,0,0,0,15,0,0,0,23,15,0,23,0,,,,,,,False,False
57,513.0,0,NPCA_TX,15,12,0,0,15,0,0,0,22,15,12,22,0,,,,,,,False,False
57,513.0,1,NPCA_FROZEN,15,0,0,0,15,0,0,0,22,15,0,22,0,,,,,,,False,False
58,522.0,0,NPCA_TX,15,12,0,0,15,0,0,0,21,15,12,21,0,,,,,,,False,False
58,522.0,1,NPCA_FROZEN,15,0,0,0,15,0,0,0,21,15,0,21,0,,,,,,,False,False
59,531.0,0,NPCA_TX,15,12,0,0,15,0,0,0,20,15,12,20,0,,,,,,,False,False
59,531.0,1,NPCA_FROZEN,15,0,0,0,15,0,0,0,20,15,0,20,0,,,,,,,False,False
60,540.0,0,NPCA_TX,15,12,0,0,15,0,0,0,19,15,12,19,0,,,,,,,False,False
60,540.0,1,NPCA_FROZEN,15,0,0,0,15,0,0,0,19,15,0,19,0,,,,,,,False,False
61,549.0,0,NPCA_TX,15,12,0,0,15,0,0,0,18,15,12,18,0,,,,,,,False,False
61,549.0,1,NPCA_FROZEN,15,0,0,0,15,0,0,0,18,15,0,18,0,,,,,,,False,False
62,558.0,0,NPCA_TX,15,12,0,0,15,0,0,0,17,15,12,17,0,,,,,,,False,False
62,558.0,1,NPCA_FROZEN,15,0,0,0,15,0,0,0,17,15,0,17,0,,,,,,,False,False
63,567.0,0,NPCA_TX,15,12,0,0,15,0,0,0,16,15,12,16,0,,,,,,,False,False
63,567.0,1,NPCA_FROZEN,15,0,0,0,15,0,0,0,16,15,0,16,0,,,,,,,False,False
64,576.0,0,NPCA_TX,15,12,0,0,15,0,0,0,15,15,12,15,0,,,,,,,False,False
64,576.0,1,NPCA_FROZEN,15,0,0,0,15,0,0,0,15,15,0,15,0,,,,,,,False,False
65,585.0,0,NPCA_TX,15,12,0,0,15,0,0,0,14,15,12,14,0,,,,,,,False,False
65,585.0,1,NPCA_FROZEN,15,0,0,0,15,0,0,0,14,15,0,14,0,,,,,,,False,False
66,594.0,0,NPCA_TX,15,12,0,0,15,0,0,0,13,15,12,13,0,,,,,,,False,False
66,594.0,1,NPCA_FROZEN,15,0,0,0,15,0,0,0,13,15,0,13,0,,,,,,,False,False
67,603.0,0,NPCA_TX,15,12,0,0,15,0,0,0,12,15,12,12,0,,,,,,,False,False
67,603.0,1,NPCA_FROZEN,15,0,0,0,15,0,0,0,12,15,0,12,0,,,,,,,False,False
68,612.0,0,NPCA_TX,15,12,0,0,15,0,0,0,11,15,12,11,0,,,,,,,False,False
68,612.0,1,NPCA_FROZEN,15,0,0,0,15,0,0,0,11,15,0,11,0,,,,,,,False,False
69,621.0,0,NPCA_TX,15,12,0,0,15,0,0,0,10,15,12,10,0,,,,,,,False,False
69,621.0,1,NPCA_FROZEN,15,0,0,0,15,0,0,0,10,15,0,10,0,,,,,,,False,False
70,630.0,0,NPCA_TX,15,12,0,0,15,0,0,0,9,15,12,9,0,,,,,,,False,False
70,630.0,1,NPCA_FROZEN,15,0,0,0,15,0,0,0,9,15,0,9,0,,,,,,,False,False
71,639.0,0,NPCA_TX,15,12,0,0,15,0,0,0,8,15,12,8,0,,,,,,,False,False
71,639.0,1,NPCA_FROZEN,15,0,0,0,15,0,0,0,8,15,0,8,0,,,,,,,False,False
72,648.0,0,NPCA_TX,15,12,0,0,15,0,0,0,7,15,12,7,0,,,,,,,False,False
72,648.0,1,NPCA_FROZEN,15,0,0,0,15,0,0,0,7,15,0,7,0,,,,,,,False,False
73,657.0,0,NPCA_TX,15,12,0,0,15,0,0,0,6,15,12,6,0,NPCA,NEW,True,NONE,3,0,False,False
73,657.0,1,NPCA_FROZEN,15,0,0,0,15,0,0,0,6,15,0,6,0,,,,,,,False,False
74,666.0,0,NPCA_BACKOFF,15,12,0,0,15,0,0,0,5,15,12,5,0,NPCA,NEW,False,COLLISION,4,1,False,False
74,666.0,1,NPCA_BACKOFF,15,0,0,0,15,0,0,0,5,15,0,5,0,NPCA,NEW,False,COLLISION,5,1,False,False
75,675.0,0,NPCA_BACKOFF,15,12,0,0,31,12,1,1,4,15,12,4,0,,,,,,,False,False
75,675.0,1,NPCA_BACKOFF,15,0,0,0,31,26,1,1,4,15,0,4,0,,,,,,,False,False
76,684.0,0,NPCA_BACKOFF,15,12,0,0,31,11,1,1,3,15,12,3,0,,,,,,,False,False
76,684.0,1,NPCA_BACKOFF,15,0,0,0,31,25,1,1,3,15,0,3,0,,,,,,,False,False
77,693.0,0,NPCA_BACKOFF,15,12,0,0,31,10,1,1,2,15,12,2,0,,,,,,,False,False
77,693.0,1,NPCA_BACKOFF,15,0,0,0,31,24,1,1,2,15,0,2,0,,,,,,,False,False
78,702.0,0,NPCA_BACKOFF,15,12,0,0,31,9,1,1,1,15,12,1,0,,,,,,,False,True
78,702.0,1,NPCA_BACKOFF,15,0,0,0,31,23,1,1,1,15,0,1,0,,,,,,,False,True
79,711.0,0,SWITCH_BACK,15,12,0,0,31,9,1,1,0,15,12,0,0,,,,,,,False,False
79,711.0,1,SWITCH_BACK,15,0,0,0,31,23,1,1,0,15,0,0,0,,,,,,,False,False
80,720.0,0,PRIMARY_BACKOFF,15,12,0,0,31,9,1,1,0,,,0,0,,,,,,,False,False
80,720.0,1,PRIMARY_BACKOFF,15,0,0,0,31,23,1,1,0,,,0,0,PRIMARY,ARQ_RETX,,,5,1,False,False
81,729.0,0,PRIMARY_BACKOFF,15,11,0,0,31,9,1,1,0,,,0,0,,,,,,,False,False
81,729.0,1,PRIMARY_TX,15,0,0,0,31,23,1,1,0,,,0,0,,,,,,,False,False
82,738.0,0,PRIMARY_FROZEN,15,11,0,0,31,9,1,1,0,,,0,0,,,,,,,False,False
82,738.0,1,PRIMARY_TX,15,0,0,0,31,23,1,1,0,,,0,0,,,,,,,False,False
83,747.0,0,PRIMARY_FROZEN,15,11,0,0,31,9,1,1,0,,,0,0,,,,,,,False,False
83,747.0,1,PRIMARY_TX,15,0,0,0,31,23,1,1,0,,,0,0,,,,,,,False,False
84,756.0,0,PRIMARY_FROZEN,15,11,0,0,31,9,1,1,0,,,0,0,,,,,,,False,False
84,756.0,1,PRIMARY_TX,15,0,0,0,31,23,1,1,0,,,0,0,,,,,,,False,False
85,765.0,0,PRIMARY_FROZEN,15,11,0,0,31,9,1,1,0,,,0,0,,,,,,,False,False
85,765.0,1,PRIMARY_TX,15,0,0,0,31,23,1,1,0,,,0,0,,,,,,,False,False
86,774.0,0,PRIMARY_FROZEN,15,11,0,0,31,9,1,1,0,,,0,0,,,,,,,False,False
86,774.0,1,PRIMARY_TX,15,0,0,0,31,23,1,1,0,,,0,0,,,,,,,False,False
87,783.0,0,PRIMARY_FROZEN,15,11,0,0,31,9,1,1,0,,,0,0,,,,,,,False,False
87,783.0,1,PRIMARY_TX,15,0,0,0,31,23,1,1,0,,,0,0,,,,,,,False,False
88,792.0,0,PRIMARY_FROZEN,15,11,0,0,31,9,1,1,0,,,0,0,,,,,,,False,False
88,792.0,1,PRIMARY_TX,15,0,0,0,31,23,1,1,0,,,0,0,,,,,,,False,False
89,801.0,0,PRIMARY_FROZEN,15,11,0,0,31,9,1,1,0,,,0,0,,,,,,,False,False
89,801.0,1,PRIMARY_TX,15,0,0,0,31,23,1,1,0,,,0,0,,,,,,,False,False
90,810.0,0,PRIMARY_FROZEN,15,11,0,0,31,9,1,1,0,,,0,0,,,,,,,False,False
90,810.0,1,PRIMARY_TX,15,0,0,0,31,23,1,1,0,,,0,0,,,,,,,False,False
91,819.0,0,PRIMARY_FROZEN,15,11,0,0,31,9,1,1,0,,,0,0,,,,,,,False,False
91,819.0,1,PRIMARY_TX,15,0,0,0,31,23,1,1,0,,,0,0,,,,,,,False,False
92,828.0,0,PRIMARY_FROZEN,15,11,0,0,31,9,1,1,0,,,0,0,,,,,,,False,False
92,828.0,1,PRIMARY_TX,15,0,0,0,31,23,1,1,0,,,0,0,,,,,,,False,False
93,837.0,0,PRIMARY_FROZEN,15,11,0,0,31,9,1,1,0,,,0,0,,,,,,,False,False
93,837.0,1,PRIMARY_TX,15,0,0,0,31,23,1,1,0,,,0,0,,,,,,,False,False
94,846.0,0,PRIMARY_FROZEN,15,11,0,0,31,9,1,1,0,,,0,0,,,,,,,False,False
94,846.0,1,PRIMARY_TX,15,0,0,0,31,23,1,1,0,,,0,0,,,,,,,False,False
95,855.0,0,PRIMARY_FROZEN,15,11,0,0,31,9,1,1,0,,,0,0,,,,,,,False,False
95,855.0,1,PRIMARY_TX,15,0,0,0,31,23,1,1,0,,,0,0,,,,,,,False,False
96,864.0,0,PRIMARY_FROZEN,15,11,0,0,31,9,1,1,0,,,0,0,,,,,,,False,False
96,864.0,1,PRIMARY_TX,15,0,0,0,31,23,1,1,0,,,0,0,,,,,,,False,False
97,873.0,0,PRIMARY_FROZEN,15,11,0,0,31,9,1,1,0,,,0,0,,,,,,,False,False
97,873.0,1,PRIMARY_TX,15,0,0,0,31,23,1,1,0,,,0,0,,,,,,,False,False
98,882.0,0,PRIMARY_FROZEN,15,11,0,0,31,9,1,1,0,,,0,0,,,,,,,False,False
98,882.0,1,PRIMARY_TX,15,0,0,0,31,23,1,1,0,,,0,0,,,,,,,False,False
99,891.0,0,PRIMARY_FROZEN,15,11,0,0,31,9,1,1,0,,,0,0,,,,,,,False,False
99,891.0,1,PRIMARY_TX,15,0,0,0,31,23,1,1,0,,,0,0,,,,,,,False,False
100,900.0,0,PRIMARY_FROZEN,15,11,0,0,31,9,1,1,0,,,0,0,,,,,,,False,False
100,900.0,1,PRIMARY_TX,15,0,0,0,31,23,1,1,0,,,0,0,PRIMARY,ARQ_RETX,True,NONE,5,1,False,False
101,909.0,0,PRIMARY_BACKOFF,15,11,0,0,31,9,1,1,0,,,0,0,,,,,,,False,False
101,909.0,1,PRIMARY_BACKOFF,15,0,0,0,31,23,1,1,0,,,0,0,PRIMARY,NEW,,,6,0,False,False
102,918.0,0,PRIMARY_BACKOFF,15,10,0,0,31,9,1,1,0,,,0,0,,,,,,,False,False
102,918.0,1,PRIMARY_TX,15,0,0,0,31,23,1,1,0,,,0,0,,,,,,,False,False
103,927.0,0,PRIMARY_FROZEN,15,10,0,0,31,9,1,1,0,,,0,0,,,,,,,False,False
103,927.0,1,PRIMARY_TX,15,0,0,0,31,23,1,1,0,,,0,0,,,,,,,False,False
104,936.0,0,PRIMARY_FROZEN,15,10,0,0,31,9,1,1,0,,,0,0,,,,,,,False,False
104,936.0,1,PRIMARY_TX,15,0,0,0,31,23,1,1,0,,,0,0,,,,,,,False,False
105,945.0,0,PRIMARY_FROZEN,15,10,0,0,31,9,1,1,0,,,0,0,,,,,,,False,False
105,945.0,1,PRIMARY_TX,15,0,0,0,31,23,1,1,0,,,0,0,,,,,,,False,False
106,954.0,0,PRIMARY_FROZEN,15,10,0,0,31,9,1,1,0,,,0,0,,,,,,,False,False
106,954.0,1,PRIMARY_TX,15,0,0,0,31,23,1,1,0,,,0,0,,,,,,,False,False
107,963.0,0,PRIMARY_FROZEN,15,10,0,0,31,9,1,1,0,,,0,0,,,,,,,False,False
107,963.0,1,PRIMARY_TX,15,0,0,0,31,23,1,1,0,,,0,0,,,,,,,False,False
108,972.0,0,PRIMARY_FROZEN,15,10,0,0,31,9,1,1,0,,,0,0,,,,,,,False,False
108,972.0,1,PRIMARY_TX,15,0,0,0,31,23,1,1,0,,,0,0,,,,,,,False,False
109,981.0,0,PRIMARY_FROZEN,15,10,0,0,31,9,1,1,0,,,0,0,,,,,,,False,False
109,981.0,1,PRIMARY_TX,15,0,0,0,31,23,1,1,0,,,0,0,,,,,,,False,False
110,990.0,0,PRIMARY_FROZEN,15,10,0,0,31,9,1,1,0,,,0,0,,,,,,,False,False
110,990.0,1,PRIMARY_TX,15,0,0,0,31,23,1,1,0,,,0,0,,,,,,,False,False
111,999.0,0,PRIMARY_FROZEN,15,10,0,0,31,9,1,1,0,,,0,0,,,,,,,False,False
111,999.0,1,PRIMARY_TX,15,0,0,0,31,23,1,1,0,,,0,0,,,,,,,False,False
112,1008.0,0,PRIMARY_FROZEN,15,10,0,0,31,9,1,1,0,,,0,0,,,,,,,False,False
112,1008.0,1,PRIMARY_TX,15,0,0,0,31,23,1,1,0,,,0,0,,,,,,,False,False
113,1017.0,0,PRIMARY_FROZEN,15,10,0,0,31,9,1,1,0,,,0,0,,,,,,,False,False
113,1017.0,1,PRIMARY_TX,15,0,0,0,31,23,1,1,0,,,0,0,,,,,,,False,False
114,1026.0,0,PRIMARY_FROZEN,15,10,0,0,31,9,1,1,0,,,0,0,,,,,,,False,False
114,1026.0,1,PRIMARY_TX,15,0,0,0,31,23,1,1,0,,,0,0,,,,,,,False,False
115,1035.0,0,PRIMARY_FROZEN,15,10,0,0,31,9,1,1,0,,,0,0,,,,,,,False,False
115,1035.0,1,PRIMARY_TX,15,0,0,0,31,23,1,1,0,,,0,0,,,,,,,False,False
116,1044.0,0,PRIMARY_FROZEN,15,10,0,0,31,9,1,1,0,,,0,0,,,,,,,False,False
116,1044.0,1,PRIMARY_TX,15,0,0,0,31,23,1,1,0,,,0,0,,,,,,,False,False
117,1053.0,0,PRIMARY_FROZEN,15,10,0,0,31,9,1,1,0,,,0,0,,,,,,,False,False
117,1053.0,1,PRIMARY_TX,15,0,0,0,31,23,1,1,0,,,0,0,,,,,,,False,False
118,1062.0,0,PRIMARY_FROZEN,15,10,0,0,31,9,1,1,0,,,0,0,,,,,,,False,False
118,1062.0,1,PRIMARY_TX,15,0,0,0,31,23,1,1,0,,,0,0,,,,,,,False,False
119,1071.0,0,PRIMARY_FROZEN,15,10,0,0,31,9,1,1,0,,,0,0,,,,,,,False,False
119,1071.0,1,PRIMARY_TX,15,0,0,0,31,23,1,1,0,,,0,0,,,,,,,False,False
120,1080.0,0,PRIMARY_FROZEN,15,10,0,0,31,9,1,1,0,,,0,0,,,,,,,False,False
120,1080.0,1,PRIMARY_TX,15,0,0,0,31,23,1,1,0,,,0,0,,,,,,,False,False
121,1089.0,0,PRIMARY_FROZEN,15,10,0,0,31,9,1,1,0,,,0,0,,,,,,,False,False
121,1089.0,1,PRIMARY_TX,15,0,0,0,31,23,1,1,0,,,0,0,PRIMARY,NEW,True,NONE,6,0,False,False
122,1098.0,0,PRIMARY_BACKOFF,15,10,0,0,31,9,1,1,0,,,0,0,,,,,,,False,False
122,1098.0,1,PRIMARY_BACKOFF,15,13,0,0,31,23,1,1,0,,,0,0,,,,,,,False,False
123,1107.0,0,PRIMARY_BACKOFF,15,9,0,0,31,9,1,1,0,,,0,0,,,,,,,False,False
123,1107.0,1,PRIMARY_BACKOFF,15,12,0,0,31,23,1,1,0,,,0,0,,,,,,,False,False
124,1116.0,0,PRIMARY_BACKOFF,15,8,0,0,31,9,1,1,0,,,0,0,,,,,,,False,False
124,1116.0,1,PRIMARY_BACKOFF,15,11,0,0,31,23,1,1,0,,,0,0,,,,,,,False,False
125,1125.0,0,PRIMARY_BACKOFF,15,7,0,0,31,9,1,1,0,,,0,0,,,,,,,False,False
125,1125.0,1,PRIMARY_BACKOFF,15,10,0,0,31,23,1,1,0,,,0,0,,,,,,,False,False
126,1134.0,0,PRIMARY_BACKOFF,15,6,0,0,31,9,1,1,0,,,0,0,,,,,,,False,False
126,1134.0,1,PRIMARY_BACKOFF,15,9,0,0,31,23,1,1,0,,,0,0,,,,,,,False,False
127,1143.0,0,PRIMARY_BACKOFF,15,5,0,0,31,9,1,1,0,,,0,0,,,,,,,False,False
127,1143.0,1,PRIMARY_BACKOFF,15,8,0,0,31,23,1,1,0,,,0,0,,,,,,,False,False
128,1152.0,0,PRIMARY_BACKOFF,15,4,0,0,31,9,1,1,0,,,0,0,,,,,,,False,False
128,1152.0,1,PRIMARY_BACKOFF,15,7,0,0,31,23,1,1,0,,,0,0,,,,,,,False,False
129,1161.0,0,PRIMARY_BACKOFF,15,3,0,0,31,9,1,1,0,,,0,0,,,,,,,False,False
129,1161.0,1,PRIMARY_BACKOFF,15,6,0,0,31,23,1,1,0,,,0,0,,,,,,,False,False
130,1170.0,0,PRIMARY_BACKOFF,15,2,0,0,31,9,1,1,0,,,0,0,,,,,,,False,False
130,1170.0,1,PRIMARY_BACKOFF,15,5,0,0,31,23,1,1,0,,,0,0,,,,,,,False,False
131,1179.0,0,PRIMARY_BACKOFF,15,1,0,0,31,9,1,1,0,,,0,0,,,,,,,False,False
131,1179.0,1,PRIMARY_BACKOFF,15,4,0,0,31,23,1,1,0,,,0,0,,,,,,,False,False
132,1188.0,0,PRIMARY_BACKOFF,15,0,0,0,31,9,1,1,0,,,0,0,PRIMARY,ARQ_RETX,,,4,1,False,False
132,1188.0,1,PRIMARY_BACKOFF,15,3,0,0,31,23,1,1,0,,,0,0,,,,,,,False,False
133,1197.0,0,PRIMARY_TX,15,0,0,0,31,9,1,1,0,,,0,0,,,,,,,False,False
133,1197.0,1,PRIMARY_BACKOFF,15,2,0,0,31,23,1,1,0,,,0,0,,,,,,,False,False
134,1206.0,0,PRIMARY_TX,15,0,0,0,31,9,1,1,0,,,0,0,,,,,,,False,False
134,1206.0,1,PRIMARY_FROZEN,15,2,0,0,31,23,1,1,0,,,0,0,,,,,,,False,False
135,1215.0,0,PRIMARY_TX,15,0,0,0,31,9,1,1,0,,,0,0,,,,,,,False,False
135,1215.0,1,PRIMARY_FROZEN,15,2,0,0,31,23,1,1,0,,,0,0,,,,,,,False,False
136,1224.0,0,PRIMARY_TX,15,0,0,0,31,9,1,1,0,,,0,0,,,,,,,False,False
136,1224.0,1,PRIMARY_FROZEN,15,2,0,0,31,23,1,1,0,,,0,0,,,,,,,False,False
137,1233.0,0,PRIMARY_TX,15,0,0,0,31,9,1,1,0,,,0,0,,,,,,,False,False
137,1233.0,1,PRIMARY_FROZEN,15,2,0,0,31,23,1,1,0,,,0,0,,,,,,,False,False
138,1242.0,0,PRIMARY_TX,15,0,0,0,31,9,1,1,0,,,0,0,,,,,,,False,False
138,1242.0,1,PRIMARY_FROZEN,15,2,0,0,31,23,1,1,0,,,0,0,,,,,,,False,False
139,1251.0,0,PRIMARY_TX,15,0,0,0,31,9,1,1,0,,,0,0,,,,,,,False,False
139,1251.0,1,PRIMARY_FROZEN,15,2,0,0,31,23,1,1,0,,,0,0,,,,,,,False,False
140,1260.0,0,PRIMARY_TX,15,0,0,0,31,9,1,1,0,,,0,0,,,,,,,False,False
140,1260.0,1,PRIMARY_FROZEN,15,2,0,0,31,23,1,1,0,,,0,0,,,,,,,False,False
141,1269.0,0,PRIMARY_TX,15,0,0,0,31,9,1,1,0,,,0,0,,,,,,,False,False
141,1269.0,1,PRIMARY_FROZEN,15,2,0,0,31,23,1,1,0,,,0,0,,,,,,,False,False
142,1278.0,0,PRIMARY_TX,15,0,0,0,31,9,1,1,0,,,0,0,,,,,,,False,False
142,1278.0,1,PRIMARY_FROZEN,15,2,0,0,31,23,1,1,0,,,0,0,,,,,,,False,False
143,1287.0,0,PRIMARY_TX,15,0,0,0,31,9,1,1,0,,,0,0,,,,,,,False,False
143,1287.0,1,PRIMARY_FROZEN,15,2,0,0,31,23,1,1,0,,,0,0,,,,,,,False,False
144,1296.0,0,PRIMARY_TX,15,0,0,0,31,9,1,1,0,,,0,0,,,,,,,False,False
144,1296.0,1,PRIMARY_FROZEN,15,2,0,0,31,23,1,1,0,,,0,0,,,,,,,False,False
145,1305.0,0,PRIMARY_TX,15,0,0,0,31,9,1,1,0,,,0,0,,,,,,,False,False
145,1305.0,1,PRIMARY_FROZEN,15,2,0,0,31,23,1,1,0,,,0,0,,,,,,,False,False
146,1314.0,0,PRIMARY_TX,15,0,0,0,31,9,1,1,0,,,0,0,,,,,,,False,False
146,1314.0,1,PRIMARY_FROZEN,15,2,0,0,31,23,1,1,0,,,0,0,,,,,,,False,False
147,1323.0,0,PRIMARY_TX,15,0,0,0,31,9,1,1,0,,,0,0,,,,,,,False,False
147,1323.0,1,PRIMARY_FROZEN,15,2,0,0,31,23,1,1,0,,,0,0,,,,,,,False,False
148,1332.0,0,PRIMARY_TX,15,0,0,0,31,9,1,1,0,,,0,0,,,,,,,False,False
148,1332.0,1,PRIMARY_FROZEN,15,2,0,0,31,23,1,1,0,,,0,0,,,,,,,False,False
149,1341.0,0,PRIMARY_TX,15,0,0,0,31,9,1,1,0,,,0,0,,,,,,,False,False
149,1341.0,1,PRIMARY_FROZEN,15,2,0,0,31,23,1,1,0,,,0,0,,,,,,,False,False
150,1350.0,0,PRIMARY_TX,15,0,0,0,31,9,1,1,0,,,0,0,,,,,,,False,False
150,1350.0,1,PRIMARY_FROZEN,15,2,0,0,31,23,1,1,0,,,0,0,,,,,,,False,False
151,1359.0,0,PRIMARY_TX,15,0,0,0,31,9,1,1,0,,,0,0,,,,,,,False,False
151,1359.0,1,PRIMARY_FROZEN,15,2,0,0,31,23,1,1,0,,,0,0,,,,,,,False,False
152,1368.0,0,PRIMARY_TX,15,0,0,0,31,9,1,1,0,,,0,0,PRIMARY,ARQ_RETX,True,NONE,4,1,False,False
152,1368.0,1,PRIMARY_FROZEN,15,2,0,0,31,23,1,1,0,,,0,0,,,,,,,False,False
153,1377.0,0,PRIMARY_BACKOFF,15,12,0,0,31,9,1,1,0,,,0,0,,,,,,,False,False
153,1377.0,1,PRIMARY_BACKOFF,15,2,0,0,31,23,1,1,0,,,0,0,,,,,,,False,False
154,1386.0,0,PRIMARY_BACKOFF,15,11,0,0,31,9,1,1,0,,,0,0,,,,,,,False,False
154,1386.0,1,PRIMARY_BACKOFF,15,1,0,0,31,23,1,1,0,,,0,0,,,,,,,False,False
155,1395.0,0,PRIMARY_BACKOFF,15,10,0,0,31,9,1,1,0,,,0,0,,,,,,,False,False
155,1395.0,1,PRIMARY_BACKOFF,15,0,0,0,31,23,1,1,0,,,0,0,PRIMARY,NEW,,,7,0,False,False
156,1404.0,0,PRIMARY_BACKOFF,15,9,0,0,31,9,1,1,0,,,0,0,,,,,,,False,False
156,1404.0,1,PRIMARY_TX,15,0,0,0,31,23,1,1,0,,,0,0,,,,,,,False,False
157,1413.0,0,PRIMARY_FROZEN,15,9,0,0,31,9,1,1,0,,,0,0,,,,,,,False,False
157,1413.0,1,PRIMARY_TX,15,0,0,0,31,23,1,1,0,,,0,0,,,,,,,False,False
158,1422.0,0,PRIMARY_FROZEN,15,9,0,0,31,9,1,1,0,,,0,0,,,,,,,False,False
158,1422.0,1,PRIMARY_TX,15,0,0,0,31,23,1,1,0,,,0,0,,,,,,,False,False
159,1431.0,0,PRIMARY_FROZEN,15,9,0,0,31,9,1,1,0,,,0,0,,,,,,,False,False
159,1431.0,1,PRIMARY_TX,15,0,0,0,31,23,1,1,0,,,0,0,,,,,,,False,False
160,1440.0,0,PRIMARY_FROZEN,15,9,0,0,31,9,1,1,0,,,0,0,,,,,,,False,False
160,1440.0,1,PRIMARY_TX,15,0,0,0,31,23,1,1,0,,,0,0,,,,,,,False,False
161,1449.0,0,PRIMARY_FROZEN,15,9,0,0,31,9,1,1,0,,,0,0,,,,,,,False,False
161,1449.0,1,PRIMARY_TX,15,0,0,0,31,23,1,1,0,,,0,0,,,,,,,False,False
162,1458.0,0,PRIMARY_FROZEN,15,9,0,0,31,9,1,1,0,,,0,0,,,,,,,False,False
162,1458.0,1,PRIMARY_TX,15,0,0,0,31,23,1,1,0,,,0,0,,,,,,,False,False
163,1467.0,0,PRIMARY_FROZEN,15,9,0,0,31,9,1,1,0,,,0,0,,,,,,,False,False
163,1467.0,1,PRIMARY_TX,15,0,0,0,31,23,1,1,0,,,0,0,,,,,,,False,False
164,1476.0,0,PRIMARY_FROZEN,15,9,0,0,31,9,1,1,0,,,0,0,,,,,,,False,False
164,1476.0,1,PRIMARY_TX,15,0,0,0,31,23,1,1,0,,,0,0,,,,,,,False,False
165,1485.0,0,PRIMARY_FROZEN,15,9,0,0,31,9,1,1,0,,,0,0,,,,,,,False,False
165,1485.0,1,PRIMARY_TX,15,0,0,0,31,23,1,1,0,,,0,0,,,,,,,False,False
166,1494.0,0,PRIMARY_FROZEN,15,9,0,0,31,9,1,1,0,,,0,0,,,,,,,False,False
166,1494.0,1,PRIMARY_TX,15,0,0,0,31,23,1,1,0,,,0,0,,,,,,,False,False
167,1503.0,0,PRIMARY_FROZEN,15,9,0,0,31,9,1,1,0,,,0,0,,,,,,,False,False
167,1503.0,1,PRIMARY_TX,15,0,0,0,31,23,1,1,0,,,0,0,,,,,,,False,False
168,1512.0,0,PRIMARY_FROZEN,15,9,0,0,31,9,1,1,0,,,0,0,,,,,,,False,False
168,1512.0,1,PRIMARY_TX,15,0,0,0,31,23,1,1,0,,,0,0,,,,,,,False,False
169,1521.0,0,PRIMARY_FROZEN,15,9,0,0,31,9,1,1,0,,,0,0,,,,,,,False,False
169,1521.0,1,PRIMARY_TX,15,0,0,0,31,23,1,1,0,,,0,0,,,,,,,False,False
170,1530.0,0,PRIMARY_FROZEN,15,9,0,0,31,9,1,1,0,,,0,0,,,,,,,False,False
170,1530.0,1,PRIMARY_TX,15,0,0,0,31,23,1,1,0,,,0,0,,,,,,,False,False
171,1539.0,0,PRIMARY_FROZEN,15,9,0,0,31,9,1,1,0,,,0,0,,,,,,,False,False
171,1539.0,1,PRIMARY_TX,15,0,0,0,31,23,1,1,0,,,0,0,,,,,,,False,False
172,1548.0,0,PRIMARY_FROZEN,15,9,0,0,31,9,1,1,0,,,0,0,,,,,,,False,False
172,1548.0,1,PRIMARY_TX,15,0,0,0,31,23,1,1,0,,,0,0,,,,,,,False,False
173,1557.0,0,PRIMARY_FROZEN,15,9,0,0,31,9,1,1,0,,,0,0,,,,,,,False,False
173,1557.0,1,PRIMARY_TX,15,0,0,0,31,23,1,1,0,,,0,0,,,,,,,False,False
174,1566.0,0,PRIMARY_FROZEN,15,9,0,0,31,9,1,1,0,,,0,0,,,,,,,False,False
174,1566.0,1,PRIMARY_TX,15,0,0,0,31,23,1,1,0,,,0,0,,,,,,,False,False
175,1575.0,0,PRIMARY_FROZEN,15,9,0,0,31,9,1,1,0,,,0,0,,,,,,,False,False
175,1575.0,1,PRIMARY_TX,15,0,0,0,31,23,1,1,0,,,0,0,PRIMARY,NEW,True,NONE,7,0,False,False
176,1584.0,0,PRIMARY_BACKOFF,15,9,0,0,31,9,1,1,0,,,0,0,,,,,,,False,False
176,1584.0,1,PRIMARY_BACKOFF,15,11,0,0,31,23,1,1,0,,,0,0,,,,,,,False,False
177,1593.0,0,PRIMARY_BACKOFF,15,8,0,0,31,9,1,1,0,,,0,0,,,,,,,False,False
177,1593.0,1,PRIMARY_BACKOFF,15,10,0,0,31,23,1,1,0,,,0,0,,,,,,,False,False
178,1602.0,0,PRIMARY_BACKOFF,15,7,0,0,31,9,1,1,0,,,0,0,,,,,,,False,False
178,1602.0,1,PRIMARY_BACKOFF,15,9,0,0,31,23,1,1,0,,,0,0,,,,,,,False,False
179,1611.0,0,PRIMARY_BACKOFF,15,6,0,0,31,9,1,1,0,,,43,0,,,,,,,True,False
179,1611.0,1,PRIMARY_BACKOFF,15,8,0,0,31,23,1,1,0,,,43,0,,,,,,,True,False
180,1620.0,0,NPCA_SWITCHING,15,6,0,0,15,9,0,0,42,15,6,42,0,,,,,,,False,False
180,1620.0,1,NPCA_SWITCHING,15,8,0,0,15,2,0,0,42,15,8,42,0,,,,,,,False,False
181,1629.0,0,NPCA_BACKOFF,15,6,0,0,15,9,0,0,41,15,6,41,0,,,,,,,False,False
181,1629.0,1,NPCA_BACKOFF,15,8,0,0,15,2,0,0,41,15,8,41,0,,,,,,,False,False
182,1638.0,0,NPCA_BACKOFF,15,6,0,0,15,8,0,0,40,15,6,40,0,,,,,,,False,False
182,1638.0,1,NPCA_BACKOFF,15,8,0,0,15,1,0,0,40,15,8,40,0,,,,,,,False,False
183,1647.0,0,NPCA_BACKOFF,15,6,0,0,15,7,0,0,39,15,6,39,0,,,,,,,False,False
183,1647.0,1,NPCA_BACKOFF,15,8,0,0,15,0,0,0,39,15,8,39,0,NPCA,NEW,,,8,0,False,False
184,1656.0,0,NPCA_BACKOFF,15,6,0,0,15,6,0,0,38,15,6,38,0,,,,,,,False,False
184,1656.0,1,NPCA_TX,15,8,0,0,15,0,0,0,38,15,8,38,0,,,,,,,False,False
185,1665.0,0,NPCA_FROZEN,15,6,0,0,15,6,0,0,37,15,6,37,0,,,,,,,False,False
185,1665.0,1,NPCA_TX,15,8,0,0,15,0,0,0,37,15,8,37,0,,,,,,,False,False
186,1674.0,0,NPCA_FROZEN,15,6,0,0,15,6,0,0,36,15,6,36,0,,,,,,,False,False
186,1674.0,1,NPCA_TX,15,8,0,0,15,0,0,0,36,15,8,36,0,,,,,,,False,False
187,1683.0,0,NPCA_FROZEN,15,6,0,0,15,6,0,0,35,15,6,35,0,,,,,,,False,False
187,1683.0,1,NPCA_TX,15,8,0,0,15,0,0,0,35,15,8,35,0,,,,,,,False,False
188,1692.0,0,NPCA_FROZEN,15,6,0,0,15,6,0,0,34,15,6,34,0,,,,,,,False,False
188,1692.0,1,NPCA_TX,15,8,0,0,15,0,0,0,34,15,8,34,0,,,,,,,False,False
189,1701.0,0,NPCA_FROZEN,15,6,0,0,15,6,0,0,33,15,6,33,0,,,,,,,False,False
189,1701.0,1,NPCA_TX,15,8,0,0,15,0,0,0,33,15,8,33,0,,,,,,,False,False
190,1710.0,0,NPCA_FROZEN,15,6,0,0,15,6,0,0,32,15,6,32,0,,,,,,,False,False
190,1710.0,1,NPCA_TX,15,8,0,0,15,0,0,0,32,15,8,32,0,,,,,,,False,False
191,1719.0,0,NPCA_FROZEN,15,6,0,0,15,6,0,0,31,15,6,31,0,,,,,,,False,False
191,1719.0,1,NPCA_TX,15,8,0,0,15,0,0,0,31,15,8,31,0,,,,,,,False,False
192,1728.0,0,NPCA_FROZEN,15,6,0,0,15,6,0,0,30,15,6,30,0,,,,,,,False,False
192,1728.0,1,NPCA_TX,15,8,0,0,15,0,0,0,30,15,8,30,0,,,,,,,False,False
193,1737.0,0,NPCA_FROZEN,15,6,0,0,15,6,0,0,29,15,6,29,0,,,,,,,False,False
193,1737.0,1,NPCA_TX,15,8,0,0,15,0,0,0,29,15,8,29,0,,,,,,,False,False
194,1746.0,0,NPCA_FROZEN,15,6,0,0,15,6,0,0,28,15,6,28,0,,,,,,,False,False
194,1746.0,1,NPCA_TX,15,8,0,0,15,0,0,0,28,15,8,28,0,,,,,,,False,False
195,1755.0,0,NPCA_FROZEN,15,6,0,0,15,6,0,0,27,15,6,27,0,,,,,,,False,False
195,1755.0,1,NPCA_TX,15,8,0,0,15,0,0,0,27,15,8,27,0,,,,,,,False,False
196,1764.0,0,NPCA_FROZEN,15,6,0,0,15,6,0,0,26,15,6,26,0,,,,,,,False,False
196,1764.0,1,NPCA_TX,15,8,0,0,15,0,0,0,26,15,8,26,0,,,,,,,False,False
197,1773.0,0,NPCA_FROZEN,15,6,0,0,15,6,0,0,25,15,6,25,0,,,,,,,False,False
197,1773.0,1,NPCA_TX,15,8,0,0,15,0,0,0,25,15,8,25,0,,,,,,,False,False
198,1782.0,0,NPCA_FROZEN,15,6,0,0,15,6,0,0,24,15,6,24,0,,,,,,,False,False
198,1782.0,1,NPCA_TX,15,8,0,0,15,0,0,0,24,15,8,24,0,,,,,,,False,False
199,1791.0,0,NPCA_FROZEN,15,6,0,0,15,6,0,0,23,15,6,23,0,,,,,,,False,False
199,1791.0,1,NPCA_TX,15,8,0,0,15,0,0,0,23,15,8,23,0,,,,,,,False,False
200,1800.0,0,NPCA_FROZEN,15,6,0,0,15,6,0,0,22,15,6,22,0,,,,,,,False,False
200,1800.0,1,NPCA_TX,15,8,0,0,15,0,0,0,22,15,8,22,0,,,,,,,False,False
201,1809.0,0,NPCA_FROZEN,15,6,0,0,15,6,0,0,21,15,6,21,0,,,,,,,False,False
201,1809.0,1,NPCA_TX,15,8,0,0,15,0,0,0,21,15,8,21,0,,,,,,,False,False
202,1818.0,0,NPCA_FROZEN,15,6,0,0,15,6,0,0,20,15,6,20,0,,,,,,,False,False
202,1818.0,1,NPCA_TX,15,8,0,0,15,0,0,0,20,15,8,20,0,,,,,,,False,False
203,1827.0,0,NPCA_FROZEN,15,6,0,0,15,6,0,0,19,15,6,19,0,,,,,,,False,False
203,1827.0,1,NPCA_TX,15,8,0,0,15,0,0,0,19,15,8,19,0,NPCA,NEW,True,NONE,8,0,False,False
204,1836.0,0,NPCA_BACKOFF,15,6,0,0,15,6,0,0,18,15,6,18,0,,,,,,,False,False
204,1836.0,1,NPCA_BACKOFF,15,8,0,0,15,7,0,0,18,15,8,18,0,,,,,,,False,False
205,1845.0,0,NPCA_BACKOFF,15,6,0,0,15,5,0,0,17,15,6,17,0,,,,,,,False,False
205,1845.0,1,NPCA_BACKOFF,15,8,0,0,15,6,0,0,17,15,8,17,0,,,,,,,False,False
206,1854.0,0,NPCA_BACKOFF,15,6,0,0,15,4,0,0,16,15,6,16,0,,,,,,,False,False
206,1854.0,1,NPCA_BACKOFF,15,8,0,0,15,5,0,0,16,15,8,16,0,,,,,,,False,False
207,1863.0,0,NPCA_BACKOFF,15,6,0,0,15,3,0,0,15,15,6,15,0,,,,,,,False,False
207,1863.0,1,NPCA_BACKOFF,15,8,0,0,15,4,0,0,15,15,8,15,0,,,,,,,False,False
208,1872.0,0,NPCA_BACKOFF,15,6,0,0,15,2,0,0,14,15,6,14,0,,,,,,,False,False
208,1872.0,1,NPCA_BACKOFF,15,8,0,0,15,3,0,0,14,15,8,14,0,,,,,,,False,False
209,1881.0,0,NPCA_BACKOFF,15,6,0,0,15,1,0,0,13,15,6,13,0,,,,,,,False,False
209,1881.0,1,NPCA_BACKOFF,15,8,0,0,15,2,0,0,13,15,8,13,0,,,,,,,False,False
210,1890.0,0,NPCA_BACKOFF,15,6,0,0,15,0,0,0,12,15,6,12,0,NPCA,NEW,,,9,0,False,False
210,1890.0,1,NPCA_BACKOFF,15,8,0,0,15,1,0,0,12,15,8,12,0,,,,,,,False,False
211,1899.0,0,NPCA_TX,15,6,0,0,15,0,0,0,11,15,6,11,0,,,,,,,False,False
211,1899.0,1,NPCA_BACKOFF,15,8,0,0,15,0,0,0,11,15,8,11,0,,,,,,,False,False
212,1908.0,0,NPCA_TX,15,6,0,0,15,0,0,0,10,15,6,10,0,,,,,,,False,False
212,1908.0,1,NPCA_FROZEN,15,8,0,0,15,0,0,0,10,15,8,10,0,,,,,,,False,False
213,1917.0,0,NPCA_TX,15,6,0,0,15,0,0,0,9,15,6,9,0,,,,,,,False,False
213,1917.0,1,NPCA_FROZEN,15,8,0,0,15,0,0,0,9,15,8,9,0,,,,,,,False,False
214,1926.0,0,NPCA_TX,15,6,0,0,15,0,0,0,8,15,6,8,0,,,,,,,False,False
214,1926.0,1,NPCA_FROZEN,15,8,0,0,15,0,0,0,8,15,8,8,0,,,,,,,False,False
215,1935.0,0,NPCA_TX,15,6,0,0,15,0,0,0,7,15,6,7,0,,,,,,,False,False
215,1935.0,1,NPCA_FROZEN,15,8,0,0,15,0,0,0,7,15,8,7,0,,,,,,,False,False
216,1944.0,0,NPCA_TX,15,6,0,0,15,0,0,0,6,15,6,6,0,,,,,,,False,False
216,1944.0,1,NPCA_FROZEN,15,8,0,0,15,0,0,0,6,15,8,6,0,,,,,,,False,False
217,1953.0,0,NPCA_TX,15,6,0,0,15,0,0,0,5,15,6,5,0,,,,,,,False,False
217,1953.0,1,NPCA_FROZEN,15,8,0,0,15,0,0,0,5,15,8,5,0,,,,,,,False,False
218,1962.0,0,NPCA_TX,15,6,0,0,15,0,0,0,4,15,6,4,0,,,,,,,False,False
218,1962.0,1,NPCA_FROZEN,15,8,0,0,15,0,0,0,4,15,8,4,0,,,,,,,False,False
219,1971.0,0,NPCA_TX,15,6,0,0,15,0,0,0,3,15,6,3,0,,,,,,,False,False
219,1971.0,1,NPCA_FROZEN,15,8,0,0,15,0,0,0,3,15,8,3,0,,,,,,,False,False
220,1980.0,0,NPCA_TX,15,6,0,0,15,0,0,0,2,15,6,2,0,,,,,,,False,False
220,1980.0,1,NPCA_FROZEN,15,8,0,0,15,0,0,0,2,15,8,2,0,,,,,,,False,False
221,1989.0,0,NPCA_TX,15,6,0,0,15,0,0,0,1,15,6,1,0,,,,,,,False,False
221,1989.0,1,NPCA_FROZEN,15,8,0,0,15,0,0,0,1,15,8,1,0,,,,,,,False,True
222,1998.0,0,NPCA_TX,15,6,0,0,15,0,0,0,0,15,6,0,0,NPCA,NEW,True,NONE,9,0,False,True
222,1998.0,1,SWITCH_BACK,15,8,0,0,15,0,0,0,0,15,8,0,0,,,,,,,False,False
223,2007.0,0,SWITCH_BACK,15,6,0,0,15,12,0,0,0,15,6,0,0,,,,,,,False,False
223,2007.0,1,PRIMARY_BACKOFF,15,8,0,0,15,0,0,0,0,,,0,0,,,,,,,False,False
224,2016.0,0,PRIMARY_BACKOFF,15,6,0,0,15,12,0,0,0,,,0,0,,,,,,,False,False
224,2016.0,1,PRIMARY_BACKOFF,15,7,0,0,15,0,0,0,0,,,0,0,,,,,,,False,False
225,2025.0,0,PRIMARY_BACKOFF,15,5,0,0,15,12,0,0,0,,,0,0,,,,,,,False,False
225,2025.0,1,PRIMARY_BACKOFF,15,6,0,0,15,0,0,0,0,,,0,0,,,,,,,False,False
226,2034.0,0,PRIMARY_BACKOFF,15,4,0,0,15,12,0,0,0,,,0,0,,,,,,,False,False
226,2034.0,1,PRIMARY_BACKOFF,15,5,0,0,15,0,0,0,0,,,0,0,,,,,,,False,False
227,2043.0,0,PRIMARY_BACKOFF,15,3,0,0,15,12,0,0,0,,,0,0,,,,,,,False,False
227,2043.0,1,PRIMARY_BACKOFF,15,4,0,0,15,0,0,0,0,,,0,0,,,,,,,False,False
228,2052.0,0,PRIMARY_BACKOFF,15,2,0,0,15,12,0,0,0,,,0,0,,,,,,,False,False
228,2052.0,1,PRIMARY_BACKOFF,15,3,0,0,15,0,0,0,0,,,0,0,,,,,,,False,False
229,2061.0,0,PRIMARY_BACKOFF,15,1,0,0,15,12,0,0,0,,,0,0,,,,,,,False,False
229,2061.0,1,PRIMARY_BACKOFF,15,2,0,0,15,0,0,0,0,,,0,0,,,,,,,False,False
230,2070.0,0,PRIMARY_BACKOFF,15,0,0,0,15,12,0,0,0,,,0,0,PRIMARY,NEW,,,10,0,False,False
230,2070.0,1,PRIMARY_BACKOFF,15,1,0,0,15,0,0,0,0,,,0,0,,,,,,,False,False
231,2079.0,0,PRIMARY_TX,15,0,0,0,15,12,0,0,0,,,0,0,,,,,,,False,False
231,2079.0,1,PRIMARY_BACKOFF,15,0,0,0,15,0,0,0,0,,,0,0,,,,,,,False,False
232,2088.0,0,PRIMARY_TX,15,0,0,0,15,12,0,0,0,,,0,0,,,,,,,False,False
232,2088.0,1,PRIMARY_FROZEN,15,0,0,0,15,0,0,0,0,,,0,0,,,,,,,False,False
233,2097.0,0,PRIMARY_TX,15,0,0,0,15,12,0,0,0,,,0,0,,,,,,,False,False
233,2097.0,1,PRIMARY_FROZEN,15,0,0,0,15,0,0,0,0,,,0,0,,,,,,,False,False
234,2106.0,0,PRIMARY_TX,15,0,0,0,15,12,0,0,0,,,0,0,,,,,,,False,False
234,2106.0,1,PRIMARY_FROZEN,15,0,0,0,15,0,0,0,0,,,0,0,,,,,,,False,False
235,2115.0,0,PRIMARY_TX,15,0,0,0,15,12,0,0,0,,,0,0,,,,,,,False,False
235,2115.0,1,PRIMARY_FROZEN,15,0,0,0,15,0,0,0,0,,,0,0,,,,,,,False,False
236,2124.0,0,PRIMARY_TX,15,0,0,0,15,12,0,0,0,,,0,0,,,,,,,False,False
236,2124.0,1,PRIMARY_FROZEN,15,0,0,0,15,0,0,0,0,,,0,0,,,,,,,False,False
237,2133.0,0,PRIMARY_TX,15,0,0,0,15,12,0,0,0,,,0,0,,,,,,,False,False
237,2133.0,1,PRIMARY_FROZEN,15,0,0,0,15,0,0,0,0,,,0,0,,,,,,,False,False
238,2142.0,0,PRIMARY_TX,15,0,0,0,15,12,0,0,0,,,0,0,,,,,,,False,False
238,2142.0,1,PRIMARY_FROZEN,15,0,0,0,15,0,0,0,0,,,0,0,,,,,,,False,False
239,2151.0,0,PRIMARY_TX,15,0,0,0,15,12,0,0,0,,,0,0,,,,,,,False,False
239,2151.0,1,PRIMARY_FROZEN,15,0,0,0,15,0,0,0,0,,,0,0,,,,,,,False,False
240,2160.0,0,PRIMARY_TX,15,0,0,0,15,12,0,0,0,,,0,0,,,,,,,False,False
240,2160.0,1,PRIMARY_FROZEN,15,0,0,0,15,0,0,0,0,,,0,0,,,,,,,False,False
241,2169.0,0,PRIMARY_TX,15,0,0,0,15,12,0,0,0,,,0,0,,,,,,,False,False
241,2169.0,1,PRIMARY_FROZEN,15,0,0,0,15,0,0,0,0,,,0,0,,,,,,,False,False
242,2178.0,0,PRIMARY_TX,15,0,0,0,15,12,0,0,0,,,0,0,,,,,,,False,False
242,2178.0,1,PRIMARY_FROZEN,15,0,0,0,15,0,0,0,0,,,0,0,,,,,,,False,False
243,2187.0,0,PRIMARY_TX,15,0,0,0,15,12,0,0,0,,,0,0,,,,,,,False,False
243,2187.0,1,PRIMARY_FROZEN,15,0,0,0,15,0,0,0,0,,,0,0,,,,,,,False,False
244,2196.0,0,PRIMARY_TX,15,0,0,0,15,12,0,0,0,,,0,0,,,,,,,False,False
244,2196.0,1,PRIMARY_FROZEN,15,0,0,0,15,0,0,0,0,,,0,0,,,,,,,False,False
245,2205.0,0,PRIMARY_TX,15,0,0,0,15,12,0,0,0,,,0,0,,,,,,,False,False
245,2205.0,1,PRIMARY_FROZEN,15,0,0,0,15,0,0,0,0,,,0,0,,,,,,,False,False
246,2214.0,0,PRIMARY_TX,15,0,0,0,15,12,0,0,0,,,0,0,,,,,,,False,False
246,2214.0,1,PRIMARY_FROZEN,15,0,0,0,15,0,0,0,0,,,0,0,,,,,,,False,False
247,2223.0,0,PRIMARY_TX,15,0,0,0,15,12,0,0,0,,,0,0,,,,,,,False,False
247,2223.0,1,PRIMARY_FROZEN,15,0,0,0,15,0,0,0,0,,,0,0,,,,,,,False,False
248,2232.0,0,PRIMARY_TX,15,0,0,0,15,12,0,0,0,,,0,0,,,,,,,False,False
248,2232.0,1,PRIMARY_FROZEN,15,0,0,0,15,0,0,0,0,,,0,0,,,,,,,False,False
249,2241.0,0,PRIMARY_TX,15,0,0,0,15,12,0,0,0,,,0,0,,,,,,,False,False
249,2241.0,1,PRIMARY_FROZEN,15,0,0,0,15,0,0,0,0,,,0,0,,,,,,,False,False
250,2250.0,0,PRIMARY_TX,15,0,0,0,15,12,0,0,0,,,0,0,PRIMARY,NEW,True,NONE,10,0,False,False
250,2250.0,1,PRIMARY_FROZEN,15,0,0,0,15,0,0,0,0,,,0,0,,,,,,,False,False
251,2259.0,0,PRIMARY_BACKOFF,15,5,0,0,15,12,0,0,0,,,0,0,,,,,,,False,False
251,2259.0,1,PRIMARY_BACKOFF,15,0,0,0,15,0,0,0,0,,,0,0,PRIMARY,NEW,,,11,0,False,False
252,2268.0,0,PRIMARY_BACKOFF,15,4,0,0,15,12,0,0,0,,,0,0,,,,,,,False,False
252,2268.0,1,PRIMARY_TX,15,0,0,0,15,0,0,0,0,,,0,0,,,,,,,False,False
253,2277.0,0,PRIMARY_FROZEN,15,4,0,0,15,12,0,0,0,,,0,0,,,,,,,False,False
253,2277.0,1,PRIMARY_TX,15,0,0,0,15,0,0,0,0,,,0,0,,,,,,,False,False
254,2286.0,0,PRIMARY_FROZEN,15,4,0,0,15,12,0,0,0,,,0,0,,,,,,,False,False
254,2286.0,1,PRIMARY_TX,15,0,0,0,15,0,0,0,0,,,0,0,,,,,,,False,False
255,2295.0,0,PRIMARY_FROZEN,15,4,0,0,15,12,0,0,0,,,0,0,,,,,,,False,False
255,2295.0,1,PRIMARY_TX,15,0,0,0,15,0,0,0,0,,,0,0,,,,,,,False,False
256,2304.0,0,PRIMARY_FROZEN,15,4,0,0,15,12,0,0,0,,,0,0,,,,,,,False,False
256,2304.0,1,PRIMARY_TX,15,0,0,0,15,0,0,0,0,,,0,0,,,,,,,False,False
257,2313.0,0,PRIMARY_FROZEN,15,4,0,0,15,12,0,0,0,,,0,0,,,,,,,False,False
257,2313.0,1,PRIMARY_TX,15,0,0,0,15,0,0,0,0,,,0,0,,,,,,,False,False
258,2322.0,0,PRIMARY_FROZEN,15,4,0,0,15,12,0,0,0,,,0,0,,,,,,,False,False
258,2322.0,1,PRIMARY_TX,15,0,0,0,15,0,0,0,0,,,0,0,,,,,,,False,False
259,2331.0,0,PRIMARY_FROZEN,15,4,0,0,15,12,0,0,0,,,0,0,,,,,,,False,False
259,2331.0,1,PRIMARY_TX,15,0,0,0,15,0,0,0,0,,,0,0,,,,,,,False,False
260,2340.0,0,PRIMARY_FROZEN,15,4,0,0,15,12,0,0,0,,,0,0,,,,,,,False,False
260,2340.0,1,PRIMARY_TX,15,0,0,0,15,0,0,0,0,,,0,0,,,,,,,False,False
261,2349.0,0,PRIMARY_FROZEN,15,4,0,0,15,12,0,0,0,,,0,0,,,,,,,False,False
261,2349.0,1,PRIMARY_TX,15,0,0,0,15,0,0,0,0,,,0,0,,,,,,,False,False
262,2358.0,0,PRIMARY_FROZEN,15,4,0,0,15,12,0,0,0,,,0,0,,,,,,,False,False
262,2358.0,1,PRIMARY_TX,15,0,0,0,15,0,0,0,0,,,0,0,,,,,,,False,False
263,2367.0,0,PRIMARY_FROZEN,15,4,0,0,15,12,0,0,0,,,0,0,,,,,,,False,False
263,2367.0,1,PRIMARY_TX,15,0,0,0,15,0,0,0,0,,,0,0,,,,,,,False,False
264,2376.0,0,PRIMARY_FROZEN,15,4,0,0,15,12,0,0,0,,,0,0,,,,,,,False,False
264,2376.0,1,PRIMARY_TX,15,0,0,0,15,0,0,0,0,,,0,0,,,,,,,False,False
265,2385.0,0,PRIMARY_FROZEN,15,4,0,0,15,12,0,0,0,,,0,0,,,,,,,False,False
265,2385.0,1,PRIMARY_TX,15,0,0,0,15,0,0,0,0,,,0,0,,,,,,,False,False
266,2394.0,0,PRIMARY_FROZEN,15,4,0,0,15,12,0,0,0,,,0,0,,,,,,,False,False
266,2394.0,1,PRIMARY_TX,15,0,0,0,15,0,0,0,0,,,0,0,,,,,,,False,False
267,2403.0,0,PRIMARY_FROZEN,15,4,0,0,15,12,0,0,0,,,0,0,,,,,,,False,False
267,2403.0,1,PRIMARY_TX,15,0,0,0,15,0,0,0,0,,,0,0,,,,,,,False,False
268,2412.0,0,PRIMARY_FROZEN,15,4,0,0,15,12,0,0,0,,,0,0,,,,,,,False,False
268,2412.0,1,PRIMARY_TX,15,0,0,0,15,0,0,0,0,,,0,0,,,,,,,False,False
269,2421.0,0,PRIMARY_FROZEN,15,4,0,0,15,12,0,0,0,,,0,0,,,,,,,False,False
269,2421.0,1,PRIMARY_TX,15,0,0,0,15,0,0,0,0,,,0,0,,,,,,,False,False
270,2430.0,0,PRIMARY_FROZEN,15,4,0,0,15,12,0,0,0,,,0,0,,,,,,,False,False
270,2430.0,1,PRIMARY_TX,15,0,0,0,15,0,0,0,0,,,0,0,,,,,,,False,False
271,2439.0,0,PRIMARY_FROZEN,15,4,0,0,15,12,0,0,0,,,0,0,,,,,,,False,False
271,2439.0,1,PRIMARY_TX,15,0,0,0,15,0,0,0,0,,,0,0,PRIMARY,NEW,True,NONE,11,0,False,False
272,2448.0,0,PRIMARY_BACKOFF,15,4,0,0,15,12,0,0,0,,,0,0,,,,,,,False,False
272,2448.0,1,PRIMARY_BACKOFF,15,14,0,0,15,0,0,0,0,,,0,0,,,,,,,False,False
273,2457.0,0,PRIMARY_BACKOFF,15,3,0,0,15,12,0,0,0,,,0,0,,,,,,,False,False
273,2457.0,1,PRIMARY_BACKOFF,15,13,0,0,15,0,0,0,0,,,0,0,,,,,,,False,False
274,2466.0,0,PRIMARY_BACKOFF,15,2,0,0,15,12,0,0,0,,,0,0,,,,,,,False,False
274,2466.0,1,PRIMARY_BACKOFF,15,12,0,0,15,0,0,0,0,,,0,0,,,,,,,False,False
275,2475.0,0,PRIMARY_BACKOFF,15,1,0,0,15,12,0,0,0,,,0,0,,,,,,,False,False
275,2475.0,1,PRIMARY_BACKOFF,15,11,0,0,15,0,0,0,0,,,0,0,,,,,,,False,False
276,2484.0,0,PRIMARY_BACKOFF,15,0,0,0,15,12,0,0,0,,,0,0,PRIMARY,NEW,,,12,0,False,False
276,2484.0,1,PRIMARY_BACKOFF,15,10,0,0,15,0,0,0,0,,,0,0,,,,,,,False,False
277,2493.0,0,PRIMARY_TX,15,0,0,0,15,12,0,0,0,,,0,0,,,,,,,False,False
277,2493.0,1,PRIMARY_BACKOFF,15,9,0,0,15,0,0,0,0,,,0,0,,,,,,,False,False
278,2502.0,0,PRIMARY_TX,15,0,0,0,15,12,0,0,0,,,0,0,,,,,,,False,False
278,2502.0,1,PRIMARY_FROZEN,15,9,0,0,15,0,0,0,0,,,0,0,,,,,,,False,False
279,2511.0,0,PRIMARY_TX,15,0,0,0,15,12,0,0,0,,,0,0,,,,,,,False,False
279,2511.0,1,PRIMARY_FROZEN,15,9,0,0,15,0,0,0,0,,,0,0,,,,,,,False,False
280,2520.0,0,PRIMARY_TX,15,0,0,0,15,12,0,0,0,,,0,0,,,,,,,False,False
280,2520.0,1,PRIMARY_FROZEN,15,9,0,0,15,0,0,0,0,,,0,0,,,,,,,False,False
281,2529.0,0,PRIMARY_TX,15,0,0,0,15,12,0,0,0,,,0,0,,,,,,,False,False
281,2529.0,1,PRIMARY_FROZEN,15,9,0,0,15,0,0,0,0,,,0,0,,,,,,,False,False
282,2538.0,0,PRIMARY_TX,15,0,0,0,15,12,0,0,0,,,0,0,,,,,,,False,False
282,2538.0,1,PRIMARY_FROZEN,15,9,0,0,15,0,0,0,0,,,0,0,,,,,,,False,False
283,2547.0,0,PRIMARY_TX,15,0,0,0,15,12,0,0,0,,,0,0,,,,,,,False,False
283,2547.0,1,PRIMARY_FROZEN,15,9,0,0,15,0,0,0,0,,,0,0,,,,,,,False,False
284,2556.0,0,PRIMARY_TX,15,0,0,0,15,12,0,0,0,,,0,0,,,,,,,False,False
284,2556.0,1,PRIMARY_FROZEN,15,9,0,0,15,0,0,0,0,,,0,0,,,,,,,False,False
285,2565.0,0,PRIMARY_TX,15,0,0,0,15,12,0,0,0,,,0,0,,,,,,,False,False
285,2565.0,1,PRIMARY_FROZEN,15,9,0,0,15,0,0,0,0,,,0,0,,,,,,,False,False
286,2574.0,0,PRIMARY_TX,15,0,0,0,15,12,0,0,0,,,0,0,,,,,,,False,False
286,2574.0,1,PRIMARY_FROZEN,15,9,0,0,15,0,0,0,0,,,0,0,,,,,,,False,False
287,2583.0,0,PRIMARY_TX,15,0,0,0,15,12,0,0,0,,,0,0,,,,,,,False,False
287,2583.0,1,PRIMARY_FROZEN,15,9,0,0,15,0,0,0,0,,,0,0,,,,,,,False,False
288,2592.0,0,PRIMARY_TX,15,0,0,0,15,12,0,0,0,,,0,0,,,,,,,False,False
288,2592.0,1,PRIMARY_FROZEN,15,9,0,0,15,0,0,0,0,,,0,0,,,,,,,False,False
289,2601.0,0,PRIMARY_TX,15,0,0,0,15,12,0,0,0,,,0,0,,,,,,,False,False
289,2601.0,1,PRIMARY_FROZEN,15,9,0,0,15,0,0,0,0,,,0,0,,,,,,,False,False
290,2610.0,0,PRIMARY_TX,15,0,0,0,15,12,0,0,0,,,0,0,,,,,,,False,False
290,2610.0,1,PRIMARY_FROZEN,15,9,0,0,15,0,0,0,0,,,0,0,,,,,,,False,False
291,2619.0,0,PRIMARY_TX,15,0,0,0,15,12,0,0,0,,,0,0,,,,,,,False,False
291,2619.0,1,PRIMARY_FROZEN,15,9,0,0,15,0,0,0,0,,,0,0,,,,,,,False,False
292,2628.0,0,PRIMARY_TX,15,0,0,0,15,12,0,0,0,,,0,0,,,,,,,False,False
292,2628.0,1,PRIMARY_FROZEN,15,9,0,0,15,0,0,0,0,,,0,0,,,,,,,False,False
293,2637.0,0,PRIMARY_TX,15,0,0,0,15,12,0,0,0,,,0,0,,,,,,,False,False
293,2637.0,1,PRIMARY_FROZEN,15,9,0,0,15,0,0,0,0,,,0,0,,,,,,,False,False
294,2646.0,0,PRIMARY_TX,15,0,0,0,15,12,0,0,0,,,0,0,,,,,,,False,False
294,2646.0,1,PRIMARY_FROZEN,15,9,0,0,15,0,0,0,0,,,0,0,,,,,,,False,False
295,2655.0,0,PRIMARY_TX,15,0,0,0,15,12,0,0,0,,,0,0,,,,,,,False,False
295,2655.0,1,PRIMARY_FROZEN,15,9,0,0,15,0,0,0,0,,,0,0,,,,,,,False,False
296,2664.0,0,PRIMARY_TX,15,0,0,0,15,12,0,0,0,,,0,0,PRIMARY,NEW,True,NONE,12,0,False,False
296,2664.0,1,PRIMARY_FROZEN,15,9,0,0,15,0,0,0,0,,,0,0,,,,,,,False,False
297,2673.0,0,PRIMARY_BACKOFF,15,1,0,0,15,12,0,0,0,,,0,0,,,,,,,False,False
297,2673.0,1,PRIMARY_BACKOFF,15,9,0,0,15,0,0,0,0,,,0,0,,,,,,,False,False
298,2682.0,0,PRIMARY_BACKOFF,15,0,0,0,15,12,0,0,0,,,0,0,PRIMARY,NEW,,,13,0,False,False
298,2682.0,1,PRIMARY_BACKOFF,15,8,0,0,15,0,0,0,0,,,0,0,,,,,,,False,False
299,2691.0,0,PRIMARY_TX,15,0,0,0,15,12,0,0,0,,,49,0,,,,,,,False,False
299,2691.0,1,PRIMARY_BACKOFF,15,7,0,0,15,0,0,0,0,,,49,0,,,,,,,False,False
